key,instantiationMoment,title,author,message,email,link
notice-01,2021/05/17 10:00,Salvados,"RamBot - Botella, Ramon",se han salvado todos,ramon@ramon.com,http://www.abc.es
notice-02,2022/05/01 20:00,Cangrejos asesinos de color rojo y azul de las playas de Matalascañas este,"CR7 - Ronaldo, Cristiano",Los cangrejos azules han atacado todas las playas de Matalascañas y ya no queda ningún ser vivo oh,cristiano@ronaldo.com,http://www.queguay.com
notice-03,2020/05/11 11:00,GANAMOS LA COPA DEL MUNDO,"D10S - Messi, Lionel",pdlqxhnizbayhvykcbyoxpfrhxgwfeqajtpplqkylsswsfazhujakwpkhcudnzesqbivyjekied,leo@messi.com,null
notice-04,2021/07/22 23:59,пепе антонио матео йосе андрес хола буенас тардес,"ruso - ruso, ruso",фпергпртqwоиаспñрплwииу,ruso@rusomon.com,http://www.ruso.es
notice-05,2022/07/29 23:59,ლორემ იფსუმ,"hoas - arriskalomino, jurhabson",ლორემ იფსუმ,raro@e.com,http://www.f.es
notice-06,2022/07/30 00:00,Antonio el mejor,"Freas - Grande, Antonio",伊艾勒艾,d@e.com,http://www.pagina.net
notice-07,2000/01/01 00:01,ام بأصوات,"chini - Takahashi, Takefusha",Pedro Peñuela,null,http://unaURLnaproximadade255cas@amosaprobarquefuncioneestacadenadetasfasfasfasgsagasgasgasgagssaggasgasgagasgagsasgagasgggggggggggggggggggggggggggggggggggggggggggggggggggggggggggggggggggggggggggggggggggggggggggggggggggggggggggggggggggggggggggggggaxww.com
notice-08,2022/07/22 00:00,伊艾勒艾,"c - x, gf",ام بأصوات,testdeemail@email.com,null
notice-09,2022/07/01 00:00,gЬ₴оёpvf,"b - a, b",c,null,null
notice-10,2005/01/22 11:30,El ganador,"Mark - Lando, Marcos",Hola soy marcos,golasssssssssssaaaaaaaaaaaaaasssssssssssssw33333333333@gmail.com,null
notice-11,2019/02/12 23:59,El león de Montepinar,"LQSA - Rivas, Amador",El león chulón,amador@rivas.com,http://amador.es
notice-12,2022/02/01 20:00,a,"Mark - Lando, Marcos",a,null,http://abc.es
notice-13,2021/05/01 20:00,Lorem ipsum dolor sit ametE consectetur adipiscing elite sed do eiusmod tem,"Mark - Lando, Marcos",lorem,emaaildeprueba@a.com,http://youtube.com
notice-14,2022/05/01 20:00,Lorem ipsum dolor sit ametE consectetur adipiscing elite sed do eiusmod te,"Mark - Lando, Marcos",lorem,emaaildeprueaba@a.com,http://twitch.com
notice-15,2022/07/22 00:00,伊艾勒艾,"a - a, a","Lorem ipsum dolor sit amet, consectetur adipiscing elit, sed do eiusmod tempor incididunt ut labore",emaaildepruebaaaa@a.com,http://kick.com
notice-16,2022/07/22 00:00,Los increibles 2,"Lorem ipsum dolor sit ametE consectetur - ipiscing, elite sed do eiusmod te","Lorem ipsum dolor sit amet, consectetur adipiscing elit, sed do eiusmod tempor incididunt ut labore*",emaaildepruebaaaaa@a.com,http://ev.us.es
notice-17,2022/07/22 00:00,Spiderman,"Lorem ipsum dolor sit ametE consectetur - ipiscing, elite sed do eiusmod t",국민경제의 발전을,emaaildepruebaaaa@a.com,http://marca.com
notice-18,2022/07/22 00:00,Fiesta global,"Mark - Lando, Marcos",a,emaailaa@a.com,null
notice-19,2022/07/22 00:00,Se va la luz,"Mark - Lando, Marcos","Lorem ipsum dolor sit amet,",emaaildepruebaaaaaaaaaaaa@a.com,null
notice-20,2022/07/22 00:00,El bayern gana la Europa League,"Mark - Lando, Marcos","Lorem ipsum dolor sit amet,",emaaildeprueba@a.com,http://www.lorem-ipsum.org/dolor/sit/amete/consectetur/adipiscing/elite/sed/do/eiusmod/tempor/incididunt/ut/labore/et/dolore/magna/aliqua/Ut/enim/ad/minim/veniam/quis/nostrud/exercitation/ullamco/laboris/nisi/ut/aliquip/ex/ea/commodo/consequat/duis/aute/
notice-21,2022/07/22 00:00,Vinicius se va del Madrid,"Mark - Lando, Marcos","Lorem ipsum dolor sit amet,",emaaildeprueba@a.com,"http://www.lorem-ipsum.org/dolor/sit/amet,/consectetur/adipiscing/elit,/sed/do/eiusmod/tempor/incididunt/ut/labore/et/dolore/magna/aliqua/Ut/enim/ad/minim/veniam/quis/nostrud/exercitation/ullamco/laboris/nisi/ut/aliquip/ex/ea/commodo/consequat/duis/aute/X"
notice-22,2022/07/22 00:00,Crisis global,"Mark - Lando, Marcos","Lorem ipsum dolor sit amet,",emaaildeprueba@a.com,ftp://
notice-23,2022/07/22 00:00,Test de Cooper,"Mark - Lando, Marcos","Lorem ipsum dolor sit amet,",emaaildeprueba@a.com,http://test.com
