key,key:project,key:userStory
projectUserStory-01,project-01,userStory-01
projectUserStory-02,project-01,userStory-02
projectUserStory-03,project-04,userStory-06
projectUserStory-04,project-04,userStory-07
projectUserStory-05,project-04,userStory-09
projectUserStory-06,project-11,userStory-01
projectUserStory-07,project-11,userStory-13
projectUserStory-08,project-12,userStory-06
projectUserStory-09,project-15,userStory-17
projectUserStory-10,project-14,userStory-08
projectUserStory-11,project-13,userStory-06
projectUserStory-12,project-02,userStory-02
projectUserStory-13,project-17,userStory-19
